label,url
ITEM_000001,https://flammenherz.site/info?src=candles&item=25_000001
ITEM_000002,https://flammenherz.site/info?src=candles&item=25_000002
ITEM_000003,https://flammenherz.site/info?src=candles&item=25_000003
ITEM_000004,https://flammenherz.site/info?src=candles&item=25_000004
ITEM_000005,https://flammenherz.site/info?src=candles&item=25_000005
ITEM_000006,https://flammenherz.site/info?src=candles&item=25_000006
ITEM_000007,https://flammenherz.site/info?src=candles&item=25_000007
ITEM_000008,https://flammenherz.site/info?src=candles&item=25_000008
ITEM_000009,https://flammenherz.site/info?src=candles&item=25_000009
ITEM_000010,https://flammenherz.site/info?src=candles&item=25_000010
ITEM_000011,https://flammenherz.site/info?src=candles&item=25_000011
ITEM_000012,https://flammenherz.site/info?src=candles&item=25_000012
ITEM_000013,https://flammenherz.site/info?src=candles&item=25_000013
ITEM_000014,https://flammenherz.site/info?src=candles&item=25_000014
ITEM_000015,https://flammenherz.site/info?src=candles&item=25_000015
ITEM_000016,https://flammenherz.site/info?src=candles&item=25_000016
ITEM_000017,https://flammenherz.site/info?src=candles&item=25_000017
ITEM_000018,https://flammenherz.site/info?src=candles&item=25_000018
ITEM_000019,https://flammenherz.site/info?src=candles&item=25_000019
ITEM_000020,https://flammenherz.site/info?src=candles&item=25_000020
ITEM_000021,https://flammenherz.site/info?src=candles&item=25_000021
ITEM_000022,https://flammenherz.site/info?src=candles&item=25_000022
ITEM_000023,https://flammenherz.site/info?src=candles&item=25_000023
ITEM_000024,https://flammenherz.site/info?src=candles&item=25_000024
ITEM_000025,https://flammenherz.site/info?src=candles&item=25_000025
ITEM_000026,https://flammenherz.site/info?src=candles&item=25_000026
ITEM_000027,https://flammenherz.site/info?src=candles&item=25_000027
ITEM_000028,https://flammenherz.site/info?src=candles&item=25_000028
ITEM_000029,https://flammenherz.site/info?src=candles&item=25_000029
ITEM_000030,https://flammenherz.site/info?src=candles&item=25_000030
ITEM_000031,https://flammenherz.site/info?src=candles&item=25_000031
ITEM_000032,https://flammenherz.site/info?src=candles&item=25_000032
ITEM_000033,https://flammenherz.site/info?src=candles&item=25_000033
ITEM_000034,https://flammenherz.site/info?src=candles&item=25_000034
ITEM_000035,https://flammenherz.site/info?src=candles&item=25_000035
ITEM_000036,https://flammenherz.site/info?src=candles&item=25_000036
ITEM_000037,https://flammenherz.site/info?src=candles&item=25_000037
ITEM_000038,https://flammenherz.site/info?src=candles&item=25_000038
ITEM_000039,https://flammenherz.site/info?src=candles&item=25_000039
ITEM_000040,https://flammenherz.site/info?src=candles&item=25_000040
ITEM_000041,https://flammenherz.site/info?src=candles&item=25_000041
ITEM_000042,https://flammenherz.site/info?src=candles&item=25_000042
ITEM_000043,https://flammenherz.site/info?src=candles&item=25_000043
ITEM_000044,https://flammenherz.site/info?src=candles&item=25_000044
ITEM_000045,https://flammenherz.site/info?src=candles&item=25_000045
ITEM_000046,https://flammenherz.site/info?src=candles&item=25_000046
ITEM_000047,https://flammenherz.site/info?src=candles&item=25_000047
ITEM_000048,https://flammenherz.site/info?src=candles&item=25_000048
ITEM_000049,https://flammenherz.site/info?src=candles&item=25_000049
ITEM_000050,https://flammenherz.site/info?src=candles&item=25_000050
ITEM_000051,https://flammenherz.site/info?src=candles&item=25_000051
ITEM_000052,https://flammenherz.site/info?src=candles&item=25_000052
ITEM_000053,https://flammenherz.site/info?src=candles&item=25_000053
ITEM_000054,https://flammenherz.site/info?src=candles&item=25_000054
ITEM_000055,https://flammenherz.site/info?src=candles&item=25_000055
ITEM_000056,https://flammenherz.site/info?src=candles&item=25_000056
ITEM_000057,https://flammenherz.site/info?src=candles&item=25_000057
ITEM_000058,https://flammenherz.site/info?src=candles&item=25_000058
ITEM_000059,https://flammenherz.site/info?src=candles&item=25_000059
ITEM_000060,https://flammenherz.site/info?src=candles&item=25_000060
ITEM_000061,https://flammenherz.site/info?src=candles&item=25_000061
ITEM_000062,https://flammenherz.site/info?src=candles&item=25_000062
ITEM_000063,https://flammenherz.site/info?src=candles&item=25_000063
ITEM_000064,https://flammenherz.site/info?src=candles&item=25_000064
ITEM_000065,https://flammenherz.site/info?src=candles&item=25_000065
ITEM_000066,https://flammenherz.site/info?src=candles&item=25_000066
ITEM_000067,https://flammenherz.site/info?src=candles&item=25_000067
ITEM_000068,https://flammenherz.site/info?src=candles&item=25_000068
ITEM_000069,https://flammenherz.site/info?src=candles&item=25_000069
ITEM_000070,https://flammenherz.site/info?src=candles&item=25_000070
ITEM_000071,https://flammenherz.site/info?src=candles&item=25_000071
ITEM_000072,https://flammenherz.site/info?src=candles&item=25_000072
ITEM_000073,https://flammenherz.site/info?src=candles&item=25_000073
ITEM_000074,https://flammenherz.site/info?src=candles&item=25_000074
ITEM_000075,https://flammenherz.site/info?src=candles&item=25_000075
ITEM_000076,https://flammenherz.site/info?src=candles&item=25_000076
ITEM_000077,https://flammenherz.site/info?src=candles&item=25_000077
ITEM_000078,https://flammenherz.site/info?src=candles&item=25_000078
ITEM_000079,https://flammenherz.site/info?src=candles&item=25_000079
ITEM_000080,https://flammenherz.site/info?src=candles&item=25_000080
ITEM_000081,https://flammenherz.site/info?src=candles&item=25_000081
ITEM_000082,https://flammenherz.site/info?src=candles&item=25_000082
ITEM_000083,https://flammenherz.site/info?src=candles&item=25_000083
ITEM_000084,https://flammenherz.site/info?src=candles&item=25_000084
ITEM_000085,https://flammenherz.site/info?src=candles&item=25_000085
ITEM_000086,https://flammenherz.site/info?src=candles&item=25_000086
ITEM_000087,https://flammenherz.site/info?src=candles&item=25_000087
ITEM_000088,https://flammenherz.site/info?src=candles&item=25_000088
ITEM_000089,https://flammenherz.site/info?src=candles&item=25_000089
ITEM_000090,https://flammenherz.site/info?src=candles&item=25_000090
ITEM_000091,https://flammenherz.site/info?src=candles&item=25_000091
ITEM_000092,https://flammenherz.site/info?src=candles&item=25_000092
ITEM_000093,https://flammenherz.site/info?src=candles&item=25_000093
ITEM_000094,https://flammenherz.site/info?src=candles&item=25_000094
ITEM_000095,https://flammenherz.site/info?src=candles&item=25_000095
ITEM_000096,https://flammenherz.site/info?src=candles&item=25_000096
ITEM_000097,https://flammenherz.site/info?src=candles&item=25_000097
ITEM_000098,https://flammenherz.site/info?src=candles&item=25_000098
ITEM_000099,https://flammenherz.site/info?src=candles&item=25_000099
ITEM_000100,https://flammenherz.site/info?src=candles&item=25_000100